graph,vertices,edges,algorithm,stretch,spanner_edges,time_ms
com-orkut.ungraph,3072441,117185083,FGV,3,113680842,571.332
com-orkut.ungraph,3072441,117185083,CS,3,76347061,510.954
com-orkut.ungraph,3072441,117185083,FGV-CS,3,69579934,558.701
com-orkut.ungraph,3072441,117185083,FGV,5,81712452,474.188
com-orkut.ungraph,3072441,117185083,CS,5,65135535,429.558
com-orkut.ungraph,3072441,117185083,FGV-CS,5,65135535,458.002
com-orkut.ungraph,3072441,117185083,MPVX5-B,5,116986461,6248.56
com-orkut.ungraph,3072441,117185083,MPVX5-CS,5,3072440,193.471
com-orkut.ungraph,3072441,117185083,FGV,7,44391744,372.001
com-orkut.ungraph,3072441,117185083,CS,7,39611173,308.083
com-orkut.ungraph,3072441,117185083,FGV-CS,7,39611173,334.759
soc-LiveJournal1,4847571,42851237,FGV,3,42178066,237.291
soc-LiveJournal1,4847571,42851237,CS,3,26055153,193.756
soc-LiveJournal1,4847571,42851237,FGV-CS,3,25941304,229.864
soc-LiveJournal1,4847571,42851237,FGV,5,36775051,225.663
soc-LiveJournal1,4847571,42851237,CS,5,32760153,219.128
soc-LiveJournal1,4847571,42851237,FGV-CS,5,32760153,239.16
soc-LiveJournal1,4847571,42851237,MPVX5-B,5,42757636,2174.37
soc-LiveJournal1,4847571,42851237,MPVX5-CS,5,5277406,123.066
soc-LiveJournal1,4847571,42851237,FGV,7,23064872,168.901
soc-LiveJournal1,4847571,42851237,CS,7,24616476,191.133
soc-LiveJournal1,4847571,42851237,FGV-CS,7,24616476,199.994
com-lj.ungraph,3997962,34681189,FGV,3,34358803,194.838
com-lj.ungraph,3997962,34681189,CS,3,21240787,154.502
com-lj.ungraph,3997962,34681189,FGV-CS,3,21199227,177.553
com-lj.ungraph,3997962,34681189,FGV,5,30667371,182.873
com-lj.ungraph,3997962,34681189,CS,5,26615327,185.727
com-lj.ungraph,3997962,34681189,FGV-CS,5,26615327,200.406
com-lj.ungraph,3997962,34681189,MPVX5-B,5,34603159,1738.38
com-lj.ungraph,3997962,34681189,MPVX5-CS,5,7099672,122.137
com-lj.ungraph,3997962,34681189,FGV,7,22341408,167.567
com-lj.ungraph,3997962,34681189,CS,7,21152200,167.93
com-lj.ungraph,3997962,34681189,FGV-CS,7,21152200,172.52
wiki-topcats,1791489,25444207,FGV,3,25070536,224.953
wiki-topcats,1791489,25444207,CS,3,14198727,249.003
wiki-topcats,1791489,25444207,FGV-CS,3,14155209,421.103
wiki-topcats,1791489,25444207,FGV,5,16994969,220.76
wiki-topcats,1791489,25444207,CS,5,15133372,291.617
wiki-topcats,1791489,25444207,FGV-CS,5,15133372,344.375
wiki-topcats,1791489,25444207,MPVX5-B,5,25344437,1447.14
wiki-topcats,1791489,25444207,MPVX5-CS,5,1791488,430.444
wiki-topcats,1791489,25444207,FGV,7,11510173,214.531
wiki-topcats,1791489,25444207,CS,7,1883068,293.819
wiki-topcats,1791489,25444207,FGV-CS,7,1883068,317.232
soc-pokec-relationships,1632803,22301964,FGV,3,22082163,131.715
soc-pokec-relationships,1632803,22301964,CS,3,17577447,118.466
soc-pokec-relationships,1632803,22301964,FGV-CS,3,17562399,134.919
soc-pokec-relationships,1632803,22301964,FGV,5,19233092,118.255
soc-pokec-relationships,1632803,22301964,CS,5,19148799,125.103
soc-pokec-relationships,1632803,22301964,FGV-CS,5,19148799,133.772
soc-pokec-relationships,1632803,22301964,MPVX5-B,5,22275522,1160.9
soc-pokec-relationships,1632803,22301964,MPVX5-CS,5,1632908,70.0486
soc-pokec-relationships,1632803,22301964,FGV,7,12867779,96.0788
soc-pokec-relationships,1632803,22301964,CS,7,12647932,101.453
soc-pokec-relationships,1632803,22301964,FGV-CS,7,12647932,100.498
