dgraph,vertices,edges,algorithm,stretch,spanner_edges,time_ms
com-orkut.ungraph,3072441,117185083,FGV,3,113680842,1017.97
com-orkut.ungraph,3072441,117185083,CS,3,76347061,770.136
com-orkut.ungraph,3072441,117185083,FGV-CS,3,69579934,808.593
com-orkut.ungraph,3072441,117185083,FGV,5,81712452,793.433
com-orkut.ungraph,3072441,117185083,CS,5,65135535,687.501
com-orkut.ungraph,3072441,117185083,FGV-CS,5,65135535,697.696
com-orkut.ungraph,3072441,117185083,MPVX5-B,5,117185078,466.05
com-orkut.ungraph,3072441,117185083,MPVX5-CS,5,65223804,698.447
com-orkut.ungraph,3072441,117185083,FGV,7,44391744,499.238
com-orkut.ungraph,3072441,117185083,CS,7,39611173,457.763
com-orkut.ungraph,3072441,117185083,FGV-CS,7,39611173,499.466
soc-LiveJournal1,4847571,42851237,FGV,3,42178066,394.344
soc-LiveJournal1,4847571,42851237,CS,3,26055153,301.713
soc-LiveJournal1,4847571,42851237,FGV-CS,3,25941304,362.311
soc-LiveJournal1,4847571,42851237,FGV,5,36775051,368.253
soc-LiveJournal1,4847571,42851237,CS,5,32760153,340.225
soc-LiveJournal1,4847571,42851237,FGV-CS,5,32760153,359.225
soc-LiveJournal1,4847571,42851237,MPVX5-B,5,42851231,204.053
soc-LiveJournal1,4847571,42851237,MPVX5-CS,5,32997343,366.582
soc-LiveJournal1,4847571,42851237,FGV,7,23064872,257.251
soc-LiveJournal1,4847571,42851237,CS,7,24616476,285.425
soc-LiveJournal1,4847571,42851237,FGV-CS,7,24616476,293.167
com-lj.ungraph,3997962,34681189,FGV,3,34358803,324.116
com-lj.ungraph,3997962,34681189,CS,3,21240787,231.487
com-lj.ungraph,3997962,34681189,FGV-CS,3,21199227,248.428
com-lj.ungraph,3997962,34681189,FGV,5,30667371,304.636
com-lj.ungraph,3997962,34681189,CS,5,26615327,284.002
com-lj.ungraph,3997962,34681189,FGV-CS,5,26615327,295.254
com-lj.ungraph,3997962,34681189,MPVX5-B,5,34681185,166.741
com-lj.ungraph,3997962,34681189,MPVX5-CS,5,26785008,311.161
com-lj.ungraph,3997962,34681189,FGV,7,22341408,237.691
com-lj.ungraph,3997962,34681189,CS,7,21152200,245.681
com-lj.ungraph,3997962,34681189,FGV-CS,7,21152200,251.431
wiki-topcats,1791489,25444207,FGV,3,25070536,315.391
wiki-topcats,1791489,25444207,CS,3,14198727,299.177
wiki-topcats,1791489,25444207,FGV-CS,3,14155209,470.795
wiki-topcats,1791489,25444207,FGV,5,16994969,280.335
wiki-topcats,1791489,25444207,CS,5,15133372,348.14
wiki-topcats,1791489,25444207,FGV-CS,5,15133372,397.727
wiki-topcats,1791489,25444207,MPVX5-B,5,25444199,235.262
wiki-topcats,1791489,25444207,MPVX5-CS,5,15328956,408.804
wiki-topcats,1791489,25444207,FGV,7,11510173,253.471
wiki-topcats,1791489,25444207,CS,7,1883068,300.041
wiki-topcats,1791489,25444207,FGV-CS,7,1883068,316.002
soc-pokec-relationships,1632803,22301964,FGV,3,22082163,208.856
soc-pokec-relationships,1632803,22301964,CS,3,17577447,183.504
soc-pokec-relationships,1632803,22301964,FGV-CS,3,17562399,204.269
soc-pokec-relationships,1632803,22301964,FGV,5,19233092,190.741
soc-pokec-relationships,1632803,22301964,CS,5,19148799,197.522
soc-pokec-relationships,1632803,22301964,FGV-CS,5,19148799,205.349
soc-pokec-relationships,1632803,22301964,MPVX5-B,5,22301961,112.622
soc-pokec-relationships,1632803,22301964,MPVX5-CS,5,19194098,213.157
soc-pokec-relationships,1632803,22301964,FGV,7,12867779,145.293
soc-pokec-relationships,1632803,22301964,CS,7,12647932,148.912
soc-pokec-relationships,1632803,22301964,FGV-CS,7,12647932,149.029
web-BerkStan,685230,6649470,FGV,3,6500294,84.3177
web-BerkStan,685230,6649470,CS,3,1160846,72.1096
web-BerkStan,685230,6649470,FGV-CS,3,1160906,103.332
web-BerkStan,685230,6649470,FGV,5,3064048,61.2606
web-BerkStan,685230,6649470,CS,5,1125219,101.618
web-BerkStan,685230,6649470,FGV-CS,5,1125262,129.278
web-BerkStan,685230,6649470,MPVX5-B,5,6649463,69.4243
web-BerkStan,685230,6649470,MPVX5-CS,5,1166194,130.012
web-BerkStan,685230,6649470,FGV,7,1609037,57.8411
web-BerkStan,685230,6649470,CS,7,852977,116.651
web-BerkStan,685230,6649470,FGV-CS,7,852977,133.259
web-Google,875713,4322051,FGV,3,4300583,47.4169
web-Google,875713,4322051,CS,3,1313146,21.8141
web-Google,875713,4322051,FGV-CS,3,1313146,27.719
web-Google,875713,4322051,FGV,5,3977095,45.2764
web-Google,875713,4322051,CS,5,1788776,30.0801
web-Google,875713,4322051,FGV-CS,5,1788776,38.262
web-Google,875713,4322051,MPVX5-B,5,4322045,28.3692
web-Google,875713,4322051,MPVX5-CS,5,1823323,38.3733
web-Google,875713,4322051,FGV,7,2953267,33.2086
web-Google,875713,4322051,CS,7,1594127,31.0193
web-Google,875713,4322051,FGV-CS,7,1594127,35.9787
roadNet-CA,1965206,2766607,FGV,3,2766326,34.5452
roadNet-CA,1965206,2766607,CS,3,2609105,24.4109
roadNet-CA,1965206,2766607,FGV-CS,3,2609094,30.1934
roadNet-CA,1965206,2766607,FGV,5,2763413,34.0859
roadNet-CA,1965206,2766607,CS,5,2491767,23.8271
roadNet-CA,1965206,2766607,FGV-CS,5,2491767,28.4346
roadNet-CA,1965206,2766607,MPVX5-B,5,2766607,21.8356
roadNet-CA,1965206,2766607,MPVX5-CS,5,2496712,32.4053
roadNet-CA,1965206,2766607,FGV,7,2755718,34.0784
roadNet-CA,1965206,2766607,CS,7,2395187,23.4278
roadNet-CA,1965206,2766607,FGV-CS,7,2395187,27.8807
